<?xml version="1.0" encoding="UTF-8"?>
<GenRun Id="design_1_VGA_timings_0_0_synth_1" LaunchPart="xc7z020clg400-1" LaunchTime="1700669083">
  <File Type="PA-TCL" Name="design_1_VGA_timings_0_0.tcl"/>
  <File Type="REPORTS-TCL" Name="design_1_VGA_timings_0_0_reports.tcl"/>
  <File Type="RDS-RDS" Name="design_1_VGA_timings_0_0.vds"/>
  <File Type="RDS-UTIL" Name="design_1_VGA_timings_0_0_utilization_synth.rpt"/>
  <File Type="RDS-UTIL-PB" Name="design_1_VGA_timings_0_0_utilization_synth.pb"/>
  <File Type="RDS-DCP" Name="design_1_VGA_timings_0_0.dcp"/>
  <FileSet Name="sources" Type="BlockSrcs" RelSrcDir="$PSRCDIR/design_1_VGA_timings_0_0">
    <File Path="$PPRDIR/../vgaproject/design_1/ip/design_1_VGA_timings_0_0/design_1_VGA_timings_0_0.xci">
      <FileInfo>
        <Attr Name="Library" Val="xil_defaultlib"/>
        <Attr Name="UsedIn" Val="synthesis"/>
        <Attr Name="UsedIn" Val="implementation"/>
        <Attr Name="UsedIn" Val="simulation"/>
        <Attr Name="ProcessingOrder" Val="EARLY"/>
      </FileInfo>
    </File>
    <Config>
      <Option Name="TopModule" Val="design_1_VGA_timings_0_0"/>
      <Option Name="UseBlackboxStub" Val="1"/>
    </Config>
  </FileSet>
  <FileSet Name="constrs_in" Type="BlockSrcs" RelSrcDir="$PSRCDIR/design_1_VGA_timings_0_0">
    <File Path="$PPRDIR/../vgaproject/design_1/ip/design_1_VGA_timings_0_0/design_1_VGA_timings_0_0.xci">
      <FileInfo>
        <Attr Name="Library" Val="xil_defaultlib"/>
        <Attr Name="UsedIn" Val="synthesis"/>
        <Attr Name="UsedIn" Val="implementation"/>
        <Attr Name="UsedIn" Val="simulation"/>
        <Attr Name="ProcessingOrder" Val="EARLY"/>
      </FileInfo>
    </File>
    <Config>
      <Option Name="TopModule" Val="design_1_VGA_timings_0_0"/>
      <Option Name="UseBlackboxStub" Val="1"/>
    </Config>
  </FileSet>
  <FileSet Name="utils" Type="Utils" RelSrcDir="$PSRCDIR/utils_1">
    <Filter Type="Utils"/>
    <File Path="$PSRCDIR/utils_1/imports/impl_1/design_1_wrapper_routed.dcp">
      <FileInfo>
        <Attr Name="ImportPath" Val="$PPRDIR/../vgatest/vgatest.runs/impl_1/design_1_wrapper_routed.dcp"/>
        <Attr Name="ImportTime" Val="1700669062"/>
        <Attr Name="UsedIn" Val="synthesis"/>
        <Attr Name="UsedIn" Val="implementation"/>
        <Attr Name="UsedInSteps" Val="impl_1"/>
        <Attr Name="AutoDcp" Val="1"/>
      </FileInfo>
    </File>
    <Config>
      <Option Name="TopAutoSet" Val="TRUE"/>
    </Config>
  </FileSet>
  <Strategy Version="1" Minor="2">
    <StratHandle Name="Vivado Synthesis Defaults" Flow="Vivado Synthesis 2020"/>
    <Step Id="synth_design"/>
  </Strategy>
</GenRun>
