<?xml version="1.0" encoding="UTF-8"?>
<GenRun Id="synth_1" LaunchPart="xc7z020clg400-1" LaunchTime="1701867379">
  <File Type="PA-TCL" Name="design_1_wrapper.tcl"/>
  <File Type="REPORTS-TCL" Name="design_1_wrapper_reports.tcl"/>
  <File Type="RDS-RDS" Name="design_1_wrapper.vds"/>
  <File Type="RDS-UTIL" Name="design_1_wrapper_utilization_synth.rpt"/>
  <File Type="RDS-UTIL-PB" Name="design_1_wrapper_utilization_synth.pb"/>
  <File Type="RDS-DCP" Name="design_1_wrapper.dcp"/>
  <FileSet Name="sources" Type="DesignSrcs" RelSrcDir="$PSRCDIR/sources_1">
    <Filter Type="Srcs"/>
    <File Path="$PSRCDIR/sources_1/new/VGA_timings.v">
      <FileInfo>
        <Attr Name="ImportPath" Val="$PPRDIR/../vgaproject/vgaproject.srcs/sources_1/new/VGA_timings.v"/>
        <Attr Name="ImportTime" Val="1699446308"/>
        <Attr Name="UsedIn" Val="synthesis"/>
        <Attr Name="UsedIn" Val="implementation"/>
        <Attr Name="UsedIn" Val="simulation"/>
      </FileInfo>
    </File>
    <File Path="$PSRCDIR/sources_1/new/VGA_pattern.v">
      <FileInfo>
        <Attr Name="ImportPath" Val="$PPRDIR/../vgaproject/vgaproject.srcs/sources_1/new/VGA_pattern.v"/>
        <Attr Name="ImportTime" Val="1700234692"/>
        <Attr Name="UsedIn" Val="synthesis"/>
        <Attr Name="UsedIn" Val="implementation"/>
        <Attr Name="UsedIn" Val="simulation"/>
      </FileInfo>
    </File>
    <File Path="$PSRCDIR/sources_1/new/Debounce_Switch.v">
      <FileInfo>
        <Attr Name="ImportPath" Val="$PPRDIR/../vgaproject/vgaproject.srcs/sources_1/new/Debounce_Switch.v"/>
        <Attr Name="ImportTime" Val="1700231800"/>
        <Attr Name="UsedIn" Val="synthesis"/>
        <Attr Name="UsedIn" Val="implementation"/>
        <Attr Name="UsedIn" Val="simulation"/>
      </FileInfo>
    </File>
    <File Path="$PSRCDIR/sources_1/new/FSM_VGA.v">
      <FileInfo>
        <Attr Name="ImportPath" Val="$PPRDIR/../vgaproject/vgaproject.srcs/sources_1/new/FSM_VGA.v"/>
        <Attr Name="ImportTime" Val="1700232712"/>
        <Attr Name="UsedIn" Val="synthesis"/>
        <Attr Name="UsedIn" Val="implementation"/>
        <Attr Name="UsedIn" Val="simulation"/>
      </FileInfo>
    </File>
    <File Path="$PPRDIR/../vgaproject/design_1/design_1.bd">
      <FileInfo>
        <Attr Name="UsedIn" Val="synthesis"/>
        <Attr Name="UsedIn" Val="implementation"/>
        <Attr Name="UsedIn" Val="simulation"/>
      </FileInfo>
    </File>
    <File Path="$PPRDIR/../vgaproject/design_1/hdl/design_1_wrapper.v">
      <FileInfo>
        <Attr Name="UsedIn" Val="synthesis"/>
        <Attr Name="UsedIn" Val="implementation"/>
        <Attr Name="UsedIn" Val="simulation"/>
      </FileInfo>
    </File>
    <Config>
      <Option Name="DesignMode" Val="RTL"/>
      <Option Name="TopModule" Val="design_1_wrapper"/>
    </Config>
  </FileSet>
  <FileSet Name="constrs_in" Type="Constrs" RelSrcDir="$PSRCDIR/constrs_1">
    <Filter Type="Constrs"/>
    <File Path="$PPRDIR/../../pynq-z2_v1.0.xdc/PYNQ-Z2 v1.0.xdc">
      <FileInfo>
        <Attr Name="UsedIn" Val="synthesis"/>
        <Attr Name="UsedIn" Val="implementation"/>
      </FileInfo>
    </File>
    <Config>
      <Option Name="TargetConstrsFile" Val="$PPRDIR/../../pynq-z2_v1.0.xdc/PYNQ-Z2 v1.0.xdc"/>
      <Option Name="ConstrsType" Val="XDC"/>
    </Config>
  </FileSet>
  <FileSet Name="utils" Type="Utils" RelSrcDir="$PSRCDIR/utils_1">
    <Filter Type="Utils"/>
    <Config>
      <Option Name="TopAutoSet" Val="TRUE"/>
    </Config>
  </FileSet>
  <Strategy Version="1" Minor="2">
    <StratHandle Name="Vivado Synthesis Defaults" Flow="Vivado Synthesis 2020"/>
    <Step Id="synth_design"/>
  </Strategy>
  <BlockFileSet Type="BlockSrcs" Name="design_1_clk_wiz_0_0"/>
  <BlockFileSet Type="BlockSrcs" Name="design_1_Debounce_Switch_1_0"/>
  <BlockFileSet Type="BlockSrcs" Name="design_1_Debounce_Switch_0_0"/>
  <BlockFileSet Type="BlockSrcs" Name="design_1_VGA_timings_0_0"/>
  <BlockFileSet Type="BlockSrcs" Name="design_1_Debounce_Switch_2_0"/>
  <BlockFileSet Type="BlockSrcs" Name="design_1_Debounce_Switch_3_0"/>
  <BlockFileSet Type="BlockSrcs" Name="design_1_VGA_pattern_0_0"/>
  <BlockFileSet Type="BlockSrcs" Name="design_1_FSM_VGA_v1_0_0"/>
</GenRun>
